{"cameraMode":{"drawMode":0,"name":"Shaded","section":"Shading Mode"},"sceneLighting":true,"audioPlay":false,"sceneViewState":{"showFog":true,"showMaterialUpdate":false,"showSkybox":true,"showFlares":true,"showImageEffects":true,"showParticleSystems":true},"in2DMode":false,"pivot":{"x":-73.9549560546875,"y":-175.69287109375,"z":571.681640625},"rotation":{"x":-0.21718956530094148,"y":0.700373113155365,"z":-0.23896421492099763,"w":-0.6365551352500916},"size":1166.7261962890625,"orthographic":false}