{"cameraMode":{"drawMode":0,"name":"Shaded","section":"Shading Mode"},"sceneLighting":false,"audioPlay":false,"sceneViewState":{"showFog":true,"showMaterialUpdate":false,"showSkybox":true,"showFlares":true,"showImageEffects":true,"showParticleSystems":true},"in2DMode":false,"pivot":{"x":3.81963849067688,"y":4.783612251281738,"z":10.727615356445313},"rotation":{"x":0.3438557982444763,"y":0.21283583343029023,"z":-0.08033016324043274,"w":0.9110495448112488},"size":24.491153717041017,"orthographic":false}