{"cameraMode":{"drawMode":0,"name":"Shaded","section":"Shading Mode"},"sceneLighting":true,"audioPlay":false,"sceneViewState":{"showFog":true,"showMaterialUpdate":false,"showSkybox":true,"showFlares":true,"showImageEffects":true,"showParticleSystems":true},"in2DMode":false,"pivot":{"x":2.385734796524048,"y":1.9990308284759522,"z":-8.96603012084961},"rotation":{"x":0.006002043839544058,"y":-0.9801207184791565,"z":0.1960274577140808,"w":0.030011696740984918},"size":22.0,"orthographic":false}